commit,date,Emacs.org,init.el,init.vim,Desktop.org,Console.org,Mail.org,Guix.org
17d6192394e6321e80fde5417954f84256fb6f57,2022-06-17T23:36:47+03:00,7396,5092,1053,3756,1062,572,755
0b1d5457a6a942d8b2f1c20400d09d4ffd0cfb81,2022-06-17T23:36:29+03:00,7396,5092,1053,3756,1062,572,755
ca3ee40b6eb65e49f140c890853ef6e885aa210b,2022-06-09T22:26:56+03:00,7401,5097,1053,3756,1062,572,755
a2c6f501ea650454dd1eebce9beec9dd67c1afd6,2022-06-06T22:31:53+03:00,7393,5089,1053,3756,1062,572,755
95ac6c9e27eacf96208fac83763be6211f5ddf47,2022-06-06T22:29:27+03:00,7393,5089,1053,3756,1062,572,755
8e591e0d2afd909ae5be00caf17f9b17c6cd8b61,2022-05-29T23:01:58+03:00,7408,5114,1053,3756,1062,572,755
062233413d50c91bc4665ce3f6470e5bc7a425c6,2022-05-29T23:01:38+03:00,7408,5114,1053,3756,1062,572,755
4b176a5bb1a5e20a7fdd7398b74df79701267a7e,2022-05-14T21:53:15+03:00,7322,5045,1053,3756,1062,572,755
c838c4ca10392e6786d9f22d31bbd41196e4b1d9,2022-05-14T20:32:31+03:00,7153,4949,1053,3756,1062,572,755
bf3a0c19d7aedb6cf35d1421113cfb1170fad053,2022-05-14T20:31:16+03:00,7153,4949,1053,3756,1062,572,755
cbf772803b505ef7ca72b01c7e78aff91fee8605,2022-05-14T20:31:01+03:00,7153,4949,1053,3754,1062,572,755
c6e3c19c31cd0e2ccfd42903bb21788276444798,2022-05-03T23:16:37+03:00,7145,4939,1053,3754,1062,572,755
9010944b8b42c6d193896a29b2867126f2cf4c00,2022-05-03T23:15:53+03:00,7145,4939,1053,3753,1062,572,755
586d0c9cd51e248b2e8cb4b4656d20c1182f8b42,2022-05-03T23:15:31+03:00,7103,4900,1053,3753,1062,572,755
c42b693c51dcf11179573439ebfc9fe40adb1a59,2022-04-30T20:21:07+03:00,7103,4900,1053,3753,1062,572,755
a33abd485d58bf20be4c3667feaa6897c7f401a4,2022-04-30T20:20:16+03:00,7103,4900,1053,3753,1062,572,755
86bb113b322dcd94bc865c89b5a18836f5dd0fa0,2022-04-19T20:36:47+03:00,6825,4663,1053,3753,1062,572,755
4d10d68737842c9629b678bb58b4d1878f9f6c10,2022-04-19T20:32:42+03:00,6825,4663,1053,3751,1062,572,755
e6ce327e69cb1a7609a71a58bac62859e5efff8d,2022-04-16T12:47:29+03:00,6779,4629,1053,3751,1062,572,755
cded48d484676b2a85a71a305a0a43c7a44ba3d9,2022-04-14T22:59:58+03:00,6831,4676,1053,3751,1062,572,755
9b1a3b4b43986d5b0c9c2b96ac1f55fb1c3deb3e,2022-04-14T12:34:51+03:00,6831,4676,1053,3751,1062,572,755
53eb9132dc38e042badd77fe63cf619141d4a895,2022-04-14T12:33:33+03:00,6714,4570,1053,3751,1062,572,755
efe1aadaa1bb5b77607840c82405d3fab1abd2fd,2022-04-14T12:33:24+03:00,6714,4570,1053,3751,1062,551,755
a1eef2a025e25fa1d58da52475e2fefe57c27943,2022-04-09T12:53:58+03:00,6714,4570,1053,3747,1062,551,755
33a8a2b3382b0cd866b07d2c347b56036080a571,2022-04-09T12:51:02+03:00,6714,4570,1053,3747,1062,551,755
9028fc32356e6874709bbff1883176fa9f2ae682,2022-04-09T12:20:05+03:00,6714,4570,1053,3747,1062,551,755
24665dea142b613a6317c89bf215fef8823cac6b,2022-04-09T12:18:36+03:00,6714,4570,1053,3747,1062,551,755
7190f2c42bdbd8233e734221f9676dfdcbd03fa8,2022-04-08T23:17:37+03:00,6714,4570,1053,3765,1062,551,755
8145157f01ca6579e5909725ac78b774e89f3f7e,2022-04-08T23:17:01+03:00,6714,4570,1053,3765,1062,551,731
ac1b6a54341bacce0c52a1674e56f695ae7c85dd,2022-04-01T00:11:48+03:00,6640,4449,1053,3765,1062,551,731
93ef763b716832b852b35613543e474d8785af4d,2022-03-31T23:40:56+03:00,6588,4449,1053,3765,1062,551,731
fb88d105ea4cbc0943d2164fae6d9776e01de32e,2022-03-30T14:48:38+03:00,6573,4449,1053,3765,1062,551,731
64020613192947d106659c30e655619b5f67bf88,2022-03-30T14:48:22+03:00,6573,4449,1053,3765,1058,551,731
f22856746acf6313ae0e48116c78e035ca9b41aa,2022-03-28T12:17:32+03:00,6573,4449,1053,3762,1058,551,731
7380dfeb2b9ba65079bc02321de9a82358aa9ade,2022-03-28T12:14:04+03:00,6573,4449,1053,3762,1058,551,731
025278a1e180e86f3aade20242e4ac1cdc1a2f13,2022-03-22T11:14:12+03:00,6682,4541,1053,3762,1058,551,731
fc758b407365f7a582ab6c08c3c24a82afcada78,2022-03-22T11:11:08+03:00,6667,4533,1053,3762,1058,551,731
5aba1733029458ddd880575e89cf5826ef167b70,2022-03-21T22:56:53+03:00,6667,4533,1053,3761,1058,551,731
97f41fdca43b844b29f92bb767f6f8f24390305a,2022-03-19T23:05:35+03:00,6667,4533,1053,3761,1058,551,731
c0957bacc87f56ed517d55904e0b46dfc2c34e96,2022-03-17T16:43:50+03:00,6667,4533,1053,3761,1058,551,731
026f211498252ba4756170f7f243d18c928443af,2022-03-17T16:43:26+03:00,6667,4533,1053,3741,1058,551,731
1a6c6cf01edcb351c41791e0e27ecce3564175bd,2022-02-25T10:10:00+03:00,6638,4514,1053,3741,1058,551,731
68d2b3317dc38231d6ee441eaa189d3c798fda98,2022-02-17T23:01:26+03:00,6608,4496,1053,3741,1058,551,731
4d922dad493f73994b6d7625e19f9456dbbcfa4f,2022-02-17T22:58:22+03:00,6608,4496,1053,3741,1058,551,731
00ca2648ed3c3c7f926646f319a2064f80bfa691,2022-02-17T22:57:31+03:00,6608,4496,1053,3741,1058,548,731
78447d47496920c06a47dac0249bc3da26474966,2022-02-15T21:56:26+03:00,6608,4496,1053,3728,1058,548,731
a02a8c1466fb8362601b352a5f79361f64bd22b8,2022-02-13T18:36:34+03:00,6600,4489,1053,3728,1058,548,731
33e22565a0c33d37f7547f1863cd4d4dc95f5106,2022-02-13T14:30:27+03:00,6588,4478,1053,3728,1058,548,731
bb976c89dfb954ff178b8a202423b6f686007de2,2022-02-12T23:11:17+03:00,6588,4478,1053,3705,1058,548,731
53e45a5e38f0fa2c8ec5372358e95955c5cbccf0,2022-02-12T23:10:16+03:00,6523,4475,1053,3705,1058,548,731
fa4856faef8f8b2f0d7111c079132a1fd6068410,2022-02-12T23:09:39+03:00,6523,4475,1053,3589,1058,548,731
f2ab0a59cf1ce70554c42952a9bf3c23d4db87f5,2022-02-10T11:09:40+03:00,6523,4475,1053,3589,1058,548,731
51ba1ce4d91f46d00eb7445eb94a183a9445f606,2022-02-09T22:31:04+03:00,6523,4475,1053,3570,1058,548,731
906f66c9e50b7074776568c466a985606414dfe3,2022-02-07T23:00:19+03:00,6523,4475,1053,3570,1058,548,731
840c3607d1b070d2b296d19a826afc5cab547543,2022-02-02T23:35:19+03:00,6501,4459,1053,3570,1058,548,731
a3690db9567574bbea77a85fecce20bb4c5cf349,2022-01-31T10:54:36+03:00,6501,4459,1053,3570,1058,548,731
d2648918fcc338bd5c1cd6d5c0aa60a65077ccf7,2022-01-24T12:40:41+03:00,6802,4677,1053,3570,1058,548,731
8c32db93f31b72454ecf7002e083e044dec3cfd3,2022-01-24T12:40:00+03:00,6796,4665,1053,3570,1058,545,731
f3c770650359ba851c2a4f562ae60ee7de59c881,2022-01-22T22:28:23+03:00,6796,4665,1053,3570,1058,543,731
c83041584d44537c35d2d8beb7b19911db258991,2022-01-22T22:27:27+03:00,6796,4665,1053,3570,1058,542,731
cea6bbf45c11f675f6be66bdb7de9460ff8dd651,2022-01-20T00:00:25+03:00,6772,4624,1053,3570,1058,542,731
9612c69ffc2dba30bfa8a697e032e7a04913b2be,2022-01-19T22:34:11+03:00,6772,4624,1053,3570,1042,542,731
7971eb63e5c684757215a852dba8b53e1297f86e,2022-01-18T18:31:26+03:00,6739,4612,1053,3570,1042,540,731
90d7c91f0c319554edbfc434419960a175ba21cf,2022-01-17T14:41:31+03:00,6739,4612,1053,3570,1042,540,731
5b9d5db173b0d16e2485c8a18bb900e37dafe464,2022-01-17T14:41:18+03:00,6739,4612,1053,3569,1042,540,731
2733147293b7f5b39f0b1a8c814414ebf48b4408,2022-01-17T11:00:52+03:00,6739,4612,1053,3569,1037,540,731
2210e8f81b0ba08f69af3ee0cdbccf520fbcc69b,2022-01-15T18:34:06+03:00,6725,4605,1053,3569,1037,540,731
3d87852745caacc0863c747f1fa9871d367240d2,2022-01-15T13:26:12+03:00,6725,4629,1053,3569,1037,540,731
0f0b664922416ec4a409df3abecdb1d8c1161aff,2022-01-13T11:24:11+03:00,6718,4622,1053,3569,1037,540,731
e606c96d2b3c35b3d107a25a889c68bd04e1deb7,2022-01-13T11:23:50+03:00,6718,4622,1053,3546,1037,540,731
269a416e5b1c595927ed9da9f351521dc0792bd1,2022-01-13T11:23:19+03:00,6717,4621,1053,3546,1037,540,731
e68db3ed0da46f27ea2e84ca3da9cd8230ef2de5,2022-01-12T12:01:05+03:00,6717,4621,1053,3546,1037,540,716
d697aab011bb08f4b58b2833823ebdcdc431117d,2022-01-11T10:19:16+03:00,6717,4621,1053,3546,1037,540,716
7d1d5b5b725dee8fcb83fa987abd6ac350643353,2022-01-11T08:56:47+03:00,6717,4621,1053,3546,1037,540,716
aff8463412f03195747071c7d19e610487d5adee,2022-01-11T08:55:30+03:00,6717,4621,1053,3546,1037,540,716
fcca97d5547876ec6dfa3347ef57bd890d26db00,2022-01-11T08:54:57+03:00,6717,4621,1053,3535,1037,540,716
d5409891f023ea22d7f7384e0497ef79205fe3f5,2022-01-11T08:54:25+03:00,6696,4604,1053,3535,1037,540,716
a4d42098976e591bd95096c713e956118f49a199,2022-01-09T21:52:55+03:00,6696,4604,1053,3535,1037,540,706
b02ccf4aa79ee83eb8c79629c299462e4fe34755,2022-01-09T21:51:44+03:00,6696,4604,1053,3518,1037,540,706
aaf9b8725f6fa8ff7c9f4da8edfec756dd5ad4a8,2022-01-09T21:19:39+03:00,6696,4604,1053,3518,1037,540,706
b7896679f5d11e2371648e55bd20c09778b95f35,2022-01-09T21:19:01+03:00,6690,4596,1053,3518,1037,540,706
49add5c0fbb0105f139e458131886145fcb41fe4,2022-01-07T00:27:09+03:00,6685,4593,1053,3518,1037,536,706
803ab24b1e16760e1ac8dd0c3bc83e3176359ef6,2022-01-05T10:44:17+03:00,6679,4585,1053,3518,1037,540,706
d8d1bb83edd3f44fb4d2c473f474547a5867c186,2022-01-05T10:15:34+03:00,6679,4585,1053,3518,1037,536,706
4b1e141a6ee2a3039382619b39877cda36926318,2022-01-04T22:09:43+03:00,6679,4585,1053,3518,1031,536,706
35ea3ab7964ea1c58411bd8167082814d5ed6798,2022-01-04T15:44:48+03:00,6679,4585,1053,3518,1031,535,706
554c8b85ebff5952a6442b3653e660eefe2f5e98,2022-01-04T12:05:35+03:00,6679,4585,1053,3518,1031,535,706
82aca7bad4a42334c885405de6710de586dd67af,2022-01-04T12:05:13+03:00,6679,4585,1053,3518,1024,535,706
941c1d44ee5527bd5a037993c6f7c0ee939d53ad,2022-01-04T12:03:45+03:00,6679,4585,1053,3448,1024,535,706
4617e07cfdce1cbcaf4da2abc7ca01681cf65891,2022-01-02T13:33:01+03:00,6634,4552,1053,3448,1024,535,706
03c986cfb8246c3509a9010508ce953a7760de1a,2022-01-01T17:59:04+03:00,6634,4553,1053,3448,1024,535,706
135b3419e4174754e9fcb173a36d29d42a9c0bd0,2022-01-01T17:58:21+03:00,6632,4551,1053,3448,1024,535,706
ba38d54cf6366c742eb1f68fd2861911a292173a,2022-01-01T17:53:01+03:00,6633,4551,1053,3448,1024,535,706
1121bd865cb9ed019e9e4c257155e2fb483d98c5,2021-12-29T13:22:38+03:00,6635,4553,1053,3379,1024,535,706
623df333e4e115ddd540478b46b603ddbfb85f2f,2021-12-28T23:10:44+03:00,6633,4551,1053,3379,1024,535,706
79bb3e8a687d4281f84f6e2497b2cc678b7ccf18,2021-12-28T23:10:27+03:00,6633,4551,1053,3384,1024,535,706
5a3ff8d2554b4c9a18a8b088d4717010e73fa79d,2021-12-22T22:10:24+03:00,6625,4541,1053,3384,1024,535,706
62eba36159f8cd6eb15faece59cb4904ead2105b,2021-12-20T17:12:33+03:00,6625,4541,1053,3383,1024,535,706
a3ac781355ec59c44e7cbdad8f7d92bb36433bbc,2021-12-19T22:10:27+03:00,6562,4488,1053,3383,1024,535,706
40c5ef92a017856f89a00862ded93382894d5fc6,2021-12-18T15:45:28+03:00,6554,4482,1053,3383,1024,535,706
b0e93e10eecc2e7cbb703dca423dddc4ed130d48,2021-12-14T23:01:28+03:00,6091,4168,1053,3383,1024,535,706
f4476648fad0b6be8675d74fb06efe23a372ad86,2021-12-12T22:28:56+03:00,6054,4146,1053,3383,1024,535,706
f8eb4f63ceb9485e4c31dc91981ccd34e7ece12a,2021-12-08T21:56:14+03:00,6053,4145,1053,3356,1024,535,706
5ae655b39c6f33eed21567023841047f77a919b8,2021-12-08T21:55:55+03:00,6043,4138,1053,3356,1024,535,706
dcdb7d0109fb27b0610888320eecc1d46bf73982,2021-12-07T22:14:37+03:00,6043,4138,1053,3328,1024,535,706
3c02a9ee3da300d58fece97f39e5773f94677981,2021-12-07T22:13:57+03:00,6032,4134,1053,3328,1024,535,706
2cf8314c1f222f3f18a0ab16b3d6e8cfef7d9371,2021-12-06T23:38:47+03:00,6043,4138,1053,3328,1024,535,706
5be9577a2eade9ee13f2f4c0cc641a9572a51467,2021-12-06T14:56:49+03:00,6032,4134,1053,3328,1024,535,706
bcbea86087c7103de1780ba081aa251313abb327,2021-12-04T00:08:06+03:00,6035,4134,1053,3328,1024,535,706
c6987720e980de48461f1682e5d6323a66950bca,2021-12-04T00:07:43+03:00,6035,4134,1053,3322,1024,535,706
df2f07f949e9ec3efccc9af3f4ba082362e6520f,2021-12-03T17:57:42+03:00,6037,4120,1053,3322,1024,535,706
9b0bee3ddd4a285b468e2279388dc8b599e1c985,2021-12-03T17:55:00+03:00,6037,4120,1053,3322,1024,535,706
ff990dc88990a6b1079f5e73e25ad31c2a9408a7,2021-12-02T22:31:31+03:00,6033,4120,1053,3322,1024,535,706
3c22b441befa8d4ed552f0d8432895ef967a92cf,2021-12-02T22:29:39+03:00,6033,4120,1053,3311,1024,535,706
a17dee9be51d7f9e62f50ccd414ae0a3bdd8d0eb,2021-12-01T12:59:19+03:00,5959,4070,1053,3311,1024,535,706
267fb8a98ed4bd60a46b627fb8d7befe5a27f785,2021-12-01T12:24:09+03:00,5959,4070,1053,3311,1024,535,706
1bd1d0fe95f81bd860e7065c5697ca222f7a3c33,2021-12-01T12:23:02+03:00,5959,4070,1053,3328,1024,535,706
8594d6f53e42c70bbf903e168607841854818a38,2021-11-27T14:44:54+03:00,6162,4213,1053,3328,1024,535,706
19ff54db9fe21fd5bdf404a8d2612176baa8a6f5,2021-11-26T22:49:34+03:00,6312,4332,1053,3328,1024,535,706
78ecd7e1bba152ac73ea6206906384aea384c58a,2021-11-26T21:01:20+03:00,6311,4330,1053,3327,1024,535,706
ba92551ade9d231b2c13663f815b82804bcc60d3,2021-11-26T17:46:40+03:00,6311,4330,1053,3327,1024,535,706
c30062c70f8a0b7ef2454996a670ab9eb6193c86,2021-11-25T09:37:31+03:00,6311,4330,1053,3327,1024,535,706
739e0f69d928eccdcd7e7eec3d039d8b7d1e0d7d,2021-11-25T09:36:56+03:00,6184,4227,1053,3327,1024,535,706
f31ada645dfd9f90fb09447e6b527af201e3a475,2021-11-23T18:24:51+03:00,6184,4227,1053,3326,1024,535,706
b85731122cb10b324db0f511218ad87d0fa62360,2021-11-23T15:12:49+03:00,6184,4227,1053,3325,1024,535,706
96175214c64351daf54edac73c4e8f9edc8e85d6,2021-11-21T10:24:19+03:00,6184,4227,1053,3086,1024,535,706
45a5439661f26889a2ca5133672079679d7edaa9,2021-11-20T17:55:20+03:00,6184,4227,1053,3082,1024,535,706
867644c28e482adf2440716e44a0bbd779c311d6,2021-11-20T17:47:25+03:00,6184,4227,1053,3081,1024,535,706
aa530b1c732ebc391619efa052b179f987deea1e,2021-11-18T07:05:50+03:00,6180,4223,1053,3081,1024,535,706
d3f9973d63d64a20fa05021357e61730b3e63b1a,2021-11-18T07:05:30+03:00,6176,4219,1053,3081,1024,535,706
a8a2ea0b00339577023419fe0864fb128d5a0c65,2021-11-15T14:13:09+03:00,6176,4219,1053,3034,1024,535,706
92f88b798f050b98d69df224aca73f887b2438b7,2021-11-15T14:07:34+03:00,6177,4219,1053,3016,1024,535,706
851bb9bc974c18e9c906a0ba4e50a6821d8ca1cf,2021-11-09T22:03:45+03:00,6171,4207,1053,2533,1024,535,706
54e1ee0ea70f38dd6b9f07323b8c91bc8e42e974,2021-11-05T22:17:26+03:00,6017,3999,1053,2533,1024,535,706
67dabb3f4bc5cca24d5bb75f5bab42b5ee68a9a0,2021-11-05T22:17:11+03:00,6017,3999,1053,2518,1024,535,706
785a6609f31f4573bf6cdf34599d9a566278995c,2021-11-01T19:15:36+03:00,6001,3989,1053,2518,1024,535,706
90f60f3cc303f1543c41deeb3e625386bcc9ca1a,2021-11-01T19:15:08+03:00,6001,3989,1053,2513,1024,535,706
e7aeb61ba2a9ee3a121a64f9def1410a7679d56d,2021-10-29T18:07:41+03:00,5973,3963,1053,2513,1024,535,706
9df931b94c291851b6e9afc22e640cd20def6f4a,2021-10-28T15:49:32+03:00,5944,3948,1053,2513,1024,535,706
0dc4420eccf84062659cf819b087215901d8d7da,2021-10-28T15:48:50+03:00,5923,3931,1053,2513,1024,535,706
770a2421a6e0c719662d1fac29abddf5145bb9f2,2021-10-25T10:41:43+03:00,5923,3931,1053,2509,1024,535,706
515101ffcde32dc4ac5889e92e841d6f069fc43d,2021-10-24T21:37:29+03:00,5918,3927,1053,2509,1024,535,706
182125df06fab50aacb51b462f7f299300552d06,2021-10-24T21:35:14+03:00,5918,3927,1053,2509,1024,535,706
710e838db4074fd51d945f668082e9db207aa8c9,2021-10-24T21:34:49+03:00,5918,3927,1053,2507,1023,535,706
c87c2029c0f6196528f9c8fdbbc2ff36af335f4d,2021-10-21T20:56:29+03:00,5841,3874,1053,2507,1023,535,706
1ed3800f8d3d9c4085e411222b821b832c7ac252,2021-10-21T20:55:12+03:00,5841,3874,1053,2507,1023,535,706
7ac1215aded90d5c50f80d9df2b81f99948a3481,2021-10-21T20:54:42+03:00,5841,3874,1053,2507,1022,535,706
b781888b847636e9fc33899ab08d0287b1e1fd53,2021-10-13T10:50:00+03:00,5778,3817,1053,2507,1022,535,706
f8f21351a19dcbc8f3b6c29c23494fe6ea3804b0,2021-10-13T10:49:39+03:00,5750,3817,1053,2507,1022,535,706
53692feda00bf0ccf246222dc7d0a06e86f97a6e,2021-10-13T10:49:03+03:00,5750,3817,1053,2506,1022,535,706
a19a36e2d388570fc9610f9e87656fa19e6dfe68,2021-10-06T16:30:53+03:00,5750,3817,1053,2506,1008,535,706
3331e30435c2eefb0587839d0aa417558f3a8a26,2021-10-04T11:21:26+03:00,5685,3779,1053,2506,1008,535,706
20af706fa28d1c33e594b99e531aa385bb9ce26d,2021-10-03T20:46:40+03:00,5685,3779,1053,2495,1008,535,706
a0f25dd23f9ca2e592676fc6a72d7e446c3a1edb,2021-10-01T18:55:52+03:00,5573,3705,1053,2480,1008,535,706
c14a738f2abfa813b56e90745e99f5e13a770459,2021-10-01T18:49:37+03:00,5573,3705,1053,2480,1008,535,706
44ce42a6f035235535e033242bf8ca5a97de5604,2021-09-30T19:15:18+03:00,5573,3705,1053,2480,1008,535,704
138d5522f9e7fa0faf7b8e2a0bc40c73c21a8206,2021-09-30T19:14:03+03:00,5573,3705,1053,2480,1008,533,704
f1e4731ca5cae8f383f48254d94eae954bc48561,2021-09-30T19:13:31+03:00,5573,3705,1053,2480,1000,533,704
3d56b8db18ea22388751e9e3cf5b6297e583d097,2021-09-22T11:55:05+03:00,5549,3697,1053,2480,1000,533,704
9f226b54be2e926c8957937259c1ae292d0199aa,2021-09-22T11:53:46+03:00,5489,3666,1053,2480,1000,533,704
2dfa789d641564cea5e7bf1160c29936d20f7cd2,2021-09-18T23:08:20+03:00,5489,3666,1053,2465,1000,533,704
0fb670bf083539ce5920eb0fc4cdcde1dc9cdaf9,2021-09-18T11:45:13+03:00,5489,3666,1053,2465,1000,533,704
4f0dbc0529179b7d1fd49ba0292e844e1a7729c8,2021-09-18T10:04:12+03:00,5455,3645,1053,2465,1000,533,704
15295971dbad55d7964de9e40dbea3bbc9898480,2021-09-18T10:03:46+03:00,5452,3635,1053,2465,1000,533,704
9d89de7053f0be08e16a6fca550db4608928e514,2021-09-17T21:17:00+03:00,5452,3635,1053,2463,1000,533,703
cbed53fc072960a10865371b2dc37f5a4c87753a,2021-09-11T10:35:17+03:00,5452,3635,1053,2462,1000,533,701
456b4a24a0ad8d3213b0606f248627c63cfe6bd5,2021-09-11T10:35:07+03:00,5440,3636,1053,2462,1000,533,701
1b9a46394b4bf9add804d4842ed4835d37bf79a6,2021-09-11T10:34:49+03:00,5440,3636,1053,2462,1000,533,701
ba29177f960f2cd1d12c7eba4320dc9121fa7d55,2021-09-08T15:02:34+05:00,5440,3636,1053,2459,1000,533,701
f9cecf57bb21e89b7d74d3079a1dd556762b667e,2021-09-03T13:43:07+05:00,5440,3636,1053,2459,1000,533,701
50979e53c722d90eefb3a7272e1d6743c07bf0b0,2021-09-03T13:42:42+05:00,5440,3636,1053,2459,1000,533,701
d6d6f40f2c756db7b8c7bbdf4e4ed3f805c00dfd,2021-08-31T16:40:49+05:00,5209,3454,1053,2459,1000,533,701
3576f37d27585fda81e52f65c4015a278adbb95f,2021-08-31T16:39:15+05:00,5209,3454,1053,2458,1000,533,701
4d759a129ccb08dc4ac4f604557e34775e3159f3,2021-08-25T19:32:09+03:00,5249,3487,1053,2458,1000,533,701
08801fc5ecc77de57738797cb1b490a0630f737e,2021-08-25T19:25:57+03:00,5249,3487,1053,2458,1000,533,701
c5294aea224ff136f5441094b9dde2424cf41659,2021-08-22T21:50:41+03:00,5242,3482,1053,2458,1000,533,701
9148fea7cfec4dd19e3e023685820156568adee7,2021-08-22T12:50:42+03:00,5242,3482,1053,2458,1000,533,701
bf5ad786470627382da83fde64c034a683b9c8eb,2021-08-19T14:29:56+03:00,5226,3475,1053,2453,997,529,698
d22dc6c645b22ea6c7c0d5d53e11053c396ab0c4,2021-08-18T22:27:53+03:00,5226,3475,1053,2453,997,529,698
0ad807a8416146c9a5b124fc6c5219fbd8239373,2021-08-18T22:27:14+03:00,5226,3475,1053,2444,997,529,698
0ae6b3127d0486f1271b2279b9422160b7d8309a,2021-08-18T22:26:19+03:00,5150,3415,1053,2444,997,529,698
ab7832732b8ecf58cb5cee9ff0b0194cb151443d,2021-08-18T14:25:04+03:00,5150,3415,1053,2444,990,529,698
1a47ddbcc0cb26981a66b87651376be07942c24f,2021-08-13T21:16:35+03:00,5150,3415,1053,2444,990,529,698
1a74ee8b6c93b91077394db40440501ca3a4c101,2021-08-13T21:15:44+03:00,5123,3392,1053,2444,990,529,698
d1c61211df1f9253bc505cee2584e163071d6572,2021-08-12T10:10:33+03:00,5123,3392,1053,2441,990,529,698
f2e42b9212e97dc390799ccfb2f24843873e0c4d,2021-08-11T22:17:21+03:00,5091,3363,1053,2441,990,529,698
36106c8f47d48930512eb94fd1c31c3301ac0cd3,2021-08-11T13:14:55+03:00,5067,3352,1053,2441,990,529,698
750b12ef7655f5b422e97e9a2d9d391784078616,2021-08-09T13:53:23+03:00,5065,3336,1053,2441,990,529,698
cc296f08e8a96ce00be46f4a8684db7828fb6f30,2021-08-09T13:28:39+03:00,5065,3336,1053,2441,990,529,698
e13ab60bb4acc1dbe3d4852f8572d51646c06713,2021-08-08T21:12:13+03:00,5027,3322,1053,2441,990,529,698
0a3127d4254bb2ac9a1316cdbafa3981dfb3417a,2021-08-08T21:01:40+03:00,5027,3322,1053,2441,990,529,698
32b2794b76288b8236ad688dcfa2db284c6be577,2021-08-07T18:57:23+03:00,4973,3283,1053,2441,990,529,698
6fa7b9334ce28a8efccafc649576c6a92d39a56f,2021-08-07T18:57:06+03:00,4973,3283,1053,2441,983,529,698
9854573203e6aa4e1bbd3ef5b342799a2e79d5b3,2021-08-07T09:58:55+03:00,4947,3255,1053,2441,983,529,698
57559ee47d5763ceb77627d2be26d9301dc1810c,2021-08-05T17:07:51+03:00,4947,3255,1053,2441,983,529,698
79e89529509d1711904e26f7576886b101a01601,2021-08-05T17:03:15+03:00,4947,3255,1053,2441,983,529,698
0e769a951f5d9adee9e0e16a50a06f2105f7b959,2021-08-05T17:02:42+03:00,4947,3255,1053,2439,983,529,698
56e87062d74149287e081ddf4b2889182a5be551,2021-08-05T17:02:23+03:00,4894,3214,1053,2439,983,529,698
52bb3c9d2917c9fec02541fb73ea1f1a78640cea,2021-08-04T18:46:14+03:00,4894,3214,1053,2439,968,529,698
624b24a4d3fcc79bab9ffd5b58a7b1542a33b466,2021-08-04T16:39:40+03:00,4894,3214,1053,2432,968,529,698
7049a698224c1ea6078cf8a078ca9f58bf465db5,2021-08-04T16:29:03+03:00,4894,3214,1053,2432,968,529,698
09aace32d759bc1a3503316e38d008ef8fd91d68,2021-08-04T16:28:32+03:00,4894,3214,1053,2432,968,527,698
a2d1135165ab9a13311e5449e63499ebe2d60356,2021-08-04T12:02:45+03:00,4895,3214,1053,2432,968,527,698
bc243cd1d3e44eb382031a54080ba1c9f3199b26,2021-08-04T11:29:35+03:00,4895,3209,1053,2432,968,527,698
4c544d850853a45ef35eb678ad23c9a7512e6ad2,2021-08-04T11:29:27+03:00,4895,3209,1053,2432,968,527,698
9f4a0b1e09601bd30e942cac5530b26357ea4602,2021-08-04T11:27:50+03:00,4759,3139,1053,2432,968,527,698
1be22593a48bdc277971b24233dfbf4bf3de0521,2021-07-31T21:25:59+03:00,4759,3139,1053,2418,968,273,698
304993a14eecf3292ea357a15b2304f4e8f1815b,2021-07-31T16:46:08+03:00,4767,3124,1053,2418,970,273,698
b9f06e77275ef032dbc1a2fae36394b1c4fe171e,2021-07-31T16:44:20+03:00,4767,3124,1053,2418,968,273,698
9ac94c39670da168de60daedbd77da029ad4a7fb,2021-07-31T16:28:25+03:00,4767,3124,1053,2418,930,273,698
48fd28b543cf411bfc069e20818eb60e113b3df0,2021-07-31T09:46:48+03:00,4767,3124,1053,2418,916,273,698
f92bd16c509fdbad1c18636341b1d5e2e23c0b69,2021-07-29T16:48:45+03:00,4736,3118,1053,2418,916,273,698
d14808fa7fece33dd31eb3e62b96edf5401a9825,2021-07-29T16:47:57+03:00,4670,3087,1053,2418,916,273,698
7f50bdb82ce941dce8fb109841346c38fe0e4aa1,2021-07-27T18:27:50+03:00,4670,3087,1053,2418,915,273,698
a26e5fa8ef4cb2b4cc90dccfdf82a960306051b3,2021-07-27T12:49:23+03:00,4670,3087,1053,2416,915,252,698
6070c4bca93967753399a95d14ab7b6fb4867c14,2021-07-27T12:46:27+03:00,4647,3073,1053,2416,914,252,698
349b0fd5dd5665950a9c09a2651e72ae68f4473d,2021-07-26T17:39:15+03:00,4695,3073,1053,2416,807,252,697
776cab2b89971e284a5413d7c7d0ed824a55ed14,2021-07-26T17:38:55+03:00,4620,3015,1053,2416,807,252,697
3a441661bb2de23bf1a39121d22f315c1e4668ac,2021-07-26T17:37:05+03:00,4620,3015,1053,2412,807,252,697
bd3743e3a370309d36d957188c7272dbe2f4279b,2021-07-22T22:06:24+03:00,4620,3015,1053,2412,807,252,697
d209886abc2ddc8282e1a53f20afe3ad291fd582,2021-07-22T17:49:10+03:00,4498,2927,1053,2412,807,252,697
ba9d50d4914cab4cc7270bbb90f073e2865469a1,2021-07-22T14:29:10+03:00,4472,2927,1053,2412,807,252,697
740753d69683c4e04748f000e996e59ac9974833,2021-07-22T12:16:10+03:00,4472,2927,1053,2412,807,252,697
b880e8a2e10c148b6aa1dd937315c21409587c63,2021-07-21T20:59:26+03:00,4426,2890,1053,2412,807,252,697
57b757a78f3fb151ba012da56791686d90b74a07,2021-07-21T15:14:59+03:00,4423,2890,1053,2412,807,252,697
4785f72fec3efa497cea17ac79b3c366185a90e3,2021-07-20T21:43:59+03:00,4423,2890,1053,2387,807,252,694
7973aec28eedf4e40a4e1ad82d939dfc89acd24d,2021-07-20T21:43:08+03:00,4321,2801,1053,2387,807,252,694
bd7d246fef7a25aaa2b21ed40499891b822c1b50,2021-07-20T21:41:58+03:00,4319,2799,1053,2387,799,252,694
b89a27b39010799ad06db6004b7fccdd5af39b2f,2021-07-17T20:32:04+03:00,4319,2799,1053,2387,799,252,694
f319f1a31f8dbdee045b06385bf7eace899b4fb1,2021-07-17T10:53:14+03:00,4257,2783,1053,2387,799,252,694
99505117b4568d8c57a2b9fdd3c6c627c9e2b041,2021-07-17T10:50:50+03:00,4257,2783,1053,2384,799,252,689
2615f584d2ea741b0b6da6dd45d4637c3f27327f,2021-07-14T21:57:17+03:00,4078,2698,1053,2384,799,252,689
82d66af51b9ae6d1ba843f86df41bf6e9f707ca5,2021-07-14T21:57:02+03:00,4078,2698,1053,2384,799,236,689
42065f16eec254a212622e51248dc258c80cb84b,2021-07-14T18:43:29+03:00,4060,2665,1053,2384,799,236,689
68c28de2c6a72d36ffd7deb71a56d24c621dbaba,2021-07-14T18:43:00+03:00,4035,2665,1053,2384,799,236,689
59d56cfb8aee27d5822f2127462bcd0d2729acd5,2021-07-13T16:04:41+03:00,4035,2665,1053,2384,749,236,689
ab011b826f9cc1f8a4c33f974f3879171f1a1c98,2021-07-12T19:38:21+03:00,4027,2665,1053,2384,749,236,689
342b9f5d485af8164856c5ae1a32d5de03c2a7c1,2021-07-12T19:33:35+03:00,4028,2666,1053,2384,749,236,689
c138635f6aa5c79b1c058529b7186d64ea37864e,2021-07-12T12:14:23+03:00,4028,2666,1053,2384,716,236,649
00141e7dca1a7c7fc381fa9399b17cc23f699b04,2021-07-12T10:10:38+03:00,4028,2666,1053,2387,716,236,632
21d8917821634fe8b79200cb79e6c74197036fab,2021-07-10T19:49:10+03:00,4028,2666,1053,2387,716,249,632
f5e7d44aedeb3c9e0969ad200072ae0fa271ad8d,2021-07-10T19:44:11+03:00,4028,2666,1053,2387,711,249,570
e298ab4c667ad0e8ffa60bb92b2cebb7b4cd408c,2021-07-10T19:43:37+03:00,4028,2666,1053,2387,711,239,570
2c3505505f8e5acb05370a564a9aec37016f47f8,2021-07-10T19:42:57+03:00,4025,2663,1053,2387,711,239,570
b046e1dd06d181a252e76c0ca86ee1a04ffc85dc,2021-07-02T17:09:52+03:00,4025,2663,1053,2374,711,239,570
53ce1053565d920e0cd7d511ef3e3f964a8b1d4f,2021-07-01T12:45:59+03:00,3986,2663,1053,2374,711,239,570
5e4b4a6087c4ac9da53639f9cbddac8d8f522ded,2021-06-30T20:54:13+03:00,3986,2663,1053,2374,711,239,570
9b2179110d1c133cc68c1b72883b0d19416c931f,2021-06-29T13:59:38+03:00,3905,2618,1053,2374,711,239,570
27301786daa82dd29285abff0c2fa5a0ade6ceee,2021-06-26T18:34:06+03:00,3905,2618,1053,2365,711,239,565
c2b1b0a66a3e5c3e627db5fb1513187dd38c6498,2021-06-25T20:30:45+03:00,3905,2618,1053,2365,711,239,580
88fab62141ce1af37bff70f81f2784beb5f72ee2,2021-06-25T19:57:56+03:00,3901,2602,1053,2365,711,239,580
d43a07adcf87eb032ab4ab1f158ca4b9895f7a2f,2021-06-23T20:32:52+03:00,3901,2602,1053,2355,711,239,580
c2231d32b9f7cf9361a404926077f7d4cf70e05a,2021-06-23T20:01:12+03:00,3900,2602,1053,2331,711,215,574
557a6765d879dd6392fcd3d9b3a56f47fb11c129,2021-06-23T19:59:48+03:00,3900,2602,1053,2331,711,215,556
12e25acdeb334916fdd269e9743d02019b365ba4,2021-06-22T08:54:46+03:00,3900,2602,1053,2326,711,215,556
f39b410440fe71da7b9029216c5785f234eda5fd,2021-06-22T08:54:38+03:00,3900,2602,1053,2323,696,215,555
02664b08f71e63f0c5f41e334586e4845fccadff,2021-06-21T09:23:36+03:00,3901,2602,1053,2323,686,215,555
b887ae0c7dd17923eabd91b747120b32c46f98d5,2021-06-20T20:16:34+03:00,3901,2602,1053,2277,685,215,518
2747239adda94a6580646b39a50189e1fe7fbfe5,2021-06-20T19:05:05+03:00,3901,2602,1053,2282,685,215,507
35d0a94387dc7f27ce4e59c400a6bcd4be20f2c8,2021-06-20T08:35:45+03:00,3901,2602,1053,2282,685,215,490
fc674b814237648f3c004b2398ae62d99d00a88e,2021-06-20T07:40:24+03:00,3901,2602,1053,2282,685,215,490
2380ebf4d101ce6269f48559db9983ff0cc3e92f,2021-06-20T07:40:14+03:00,3901,2602,1053,2282,685,215,490
5e4504b764c313f72a393aa5885f419c24b36ed9,2021-06-20T07:37:55+03:00,3890,2585,1053,2282,685,215,490
2d0893ed6d1fcda879640f34a17e389d7eaa5977,2021-06-20T07:37:26+03:00,3890,2585,1053,2278,685,215,489
c38db5027e0f5efebb406683ab3d1334e429164c,2021-06-19T20:11:45+03:00,3890,2585,1053,2278,684,215,489
12a25ded4ba3de9a96ff1b0953b5ce243cbe81b5,2021-06-19T17:18:51+03:00,3890,2585,1053,2278,684,215,489
eec899a0b089d13ad70514489d6e2209f6ebb3a9,2021-06-18T21:36:50+03:00,3890,2585,1053,2277,684,215,418
cd54e345e5f0cad99c9d4188b973faddd6bb5a09,2021-06-18T18:14:30+03:00,3890,2585,1053,2266,684,215,445
a37ab00e9bbb2cf781f4eeb94bbc4ae2f3b42fdb,2021-06-18T18:13:55+03:00,3889,2584,1053,2266,684,215,445
7d61969160b9a669335656a149cbda17f857d4dc,2021-06-18T17:06:12+03:00,3889,2584,1053,2249,677,215,443
198156ab889643ca5397e7824201e9b40af9ac26,2021-06-18T17:05:28+03:00,3889,2584,1053,2249,676,215,443
470794016384374b86129197385edf47965911ad,2021-06-18T17:03:51+03:00,3889,2584,1053,2191,676,215,443
973062cca2f5f24e22fa7046807b335954b68823,2021-06-18T17:02:20+03:00,3900,2589,1053,2191,676,215,443
c53d3a39322720d0f147fa402d80f91112e1e0cd,2021-06-18T09:50:42+03:00,3790,2547,1053,1932,554,0,0
bee1990318a5a36cbc7394183c8c39fdf1c0b777,2021-06-17T11:46:49+03:00,3900,2589,1053,2191,676,0,443
738595780fa6dd70e39e927f0a8fcbc3e540dba1,2021-06-17T11:45:59+03:00,3890,2562,1053,2191,676,0,443
a3f937cd44640831db2183b81473037b83fedfa2,2021-06-11T19:13:03+03:00,3890,2562,1053,2149,676,0,443
f63a3d7c98da8412dca75a5ed793d58bac87989f,2021-06-11T11:39:31+03:00,3890,2562,1053,2082,676,0,488
e055f895d9b8d6b775755c34cfbd94cf9cea9eed,2021-06-11T11:39:31+03:00,3886,2562,1053,2082,676,0,488
87124deb8c3eebf6f9721de05352c8205e6cf8ca,2021-06-11T11:39:31+03:00,3886,2562,1053,2081,676,0,488
912ca5d181056723ada8c48629741bca0d0cb778,2021-06-11T11:39:31+03:00,3886,2562,1053,2081,676,0,488
695629551ff9641e92bc2fe52ca4e5cb5d865dcb,2021-06-11T11:39:31+03:00,3886,2562,1053,2081,663,0,488
d91c66288433fa864f7fb6021f33832328acd134,2021-06-11T11:39:31+03:00,3873,2562,1053,2081,663,0,488
0f98e475c1785c2dc6adc42a79125859eae5eaae,2021-06-11T11:39:31+03:00,3873,2562,1053,2081,663,0,458
07c4551000f45c7c9910db9662ba6b4ea3f5a992,2021-06-11T11:39:31+03:00,3873,2562,1053,2078,663,0,411
9ea0f5834b1451fb7d15dc4b7a6032e180aa5fe8,2021-06-11T11:39:31+03:00,3873,2562,1053,1998,663,0,411
8b6f2f37517758455c356866e3263478cbb1ae74,2021-06-11T11:39:31+03:00,3873,2562,1053,1998,663,0,360
8c7105de9d64696b1fe2ed2d387ba0551073a84e,2021-06-11T11:39:30+03:00,3873,2562,1053,1998,655,0,360
c40d199aad7fa076a155ed0d82f73090b722baf6,2021-06-11T11:39:30+03:00,3868,2561,1053,1989,650,0,324
5d006c082ce4f9a43f391d354723512302a071f1,2021-06-11T11:39:30+03:00,3868,2561,1053,1989,650,0,278
762ae0e5bc0c9eba00cb8e3738b9334481167cd0,2021-06-11T11:39:30+03:00,3868,2561,1053,1932,650,0,278
d1dd4b8929b3be7e8c39f392416af948ab2a8ceb,2021-06-11T11:39:30+03:00,3868,2561,1053,1932,650,0,280
349e9c66aa7066a85c23914657473b3ce577df3b,2021-06-11T11:39:30+03:00,3868,2561,1053,1932,650,0,148
87e4cd15797198ce514e305f93e558d867a5caf8,2021-06-11T11:39:30+03:00,3868,2561,1053,1932,554,0,148
fd2e6ea2adf1bb98528aac859f43093b79aaa07b,2021-06-11T11:39:28+03:00,3868,2561,1053,1932,554,0,144
02540932bf150d4693731513ee08f13bcb008c1a,2021-06-11T11:33:48+03:00,3779,2530,1053,1932,554,0,144
8aef8f37a65d824a5ce7612faaadf56e2dab21d8,2021-06-11T11:33:48+03:00,3779,2530,1053,1932,554,0,0
338d1fcb59b4d712b4d4b10e54312e900a4bd1d5,2021-06-11T11:33:48+03:00,3779,2530,1053,1932,554,0,0
11d91f9ad67d8674ac66e302506d57e9ec699964,2021-06-10T12:25:33+03:00,3779,2530,1053,1932,554,0,0
24a43d5e0f3c6a27f8cdd290a719044a5dc76281,2021-05-29T22:02:49+03:00,3716,2471,1053,1932,554,0,0
a09570538230bec8d2051282e09937d2d3a0f514,2021-05-28T19:12:53+03:00,3693,2471,1053,1932,554,0,0
4ac1cc194ce62efeeff04c33d0a2b3185bb4c825,2021-05-26T21:13:43+03:00,3659,2444,1053,1932,554,0,0
3ac14ed61736343e953d79ac621500dde4498fb3,2021-05-24T16:11:09+03:00,3623,2417,1053,1932,554,0,0
6d896e9002dfd6509b14fcce53ae4432e6888e53,2021-05-24T16:10:17+03:00,3617,2417,1053,1932,554,0,0
99d53def658470d765476a4398d07bf5283637c0,2021-05-21T09:31:26+03:00,3541,2364,1053,1932,554,0,0
57fbd4ea49b483363d095f190e1058394c048411,2021-05-19T20:42:30+03:00,3534,2363,1053,1932,554,0,0
9685c77a707d1f924a9af222ef1fe9b471fb4dae,2021-05-19T17:25:24+03:00,3534,2363,1053,1931,554,0,0
4f50f53ae11c1fc64f7e23db1f1023d08c893830,2021-05-18T12:59:12+03:00,3503,2350,1053,1931,554,0,0
741c6d77fa5fba19484cdaa96d98fa30424dcc42,2021-05-18T11:22:25+03:00,3497,2347,1053,1931,554,0,0
ae58af4e7d5cf79e464c5a6def1f53b43e5e1a99,2021-05-16T10:11:27+03:00,3496,2346,1053,1931,554,0,0
1b91184f12a3e71d008acdb5e7eb76b1e86f5a65,2021-05-15T12:56:49+03:00,3391,2251,1053,1931,554,0,0
3a01bee95c8ae0cc1288e251fcdd538c624eea95,2021-05-14T19:52:08+03:00,3350,2228,1053,1931,554,0,0
20590a08317ae7f712c59e5ce33d82ef2f183676,2021-05-09T19:21:32+03:00,3342,2221,1053,1931,554,0,0
b576436028e544d6e751bd88bfd6168346411445,2021-05-08T17:23:37+03:00,3281,2175,1053,1931,554,0,0
9b8459b5879e6954cb62edd6710bd48deb3ff51f,2021-05-08T12:52:35+03:00,3273,2174,1053,1931,554,0,0
21d6ccd089f43ce0e6ba441b8497fff920f967ac,2021-05-06T22:46:13+03:00,3270,2171,1053,1931,554,0,0
e0e0da8364bcacfda6846abc513c8d70e2af3316,2021-05-04T22:23:06+03:00,3220,2143,1053,1931,554,0,0
edd7cfd8cef803f0124d083aac4de3d658443b2d,2021-05-04T20:11:15+03:00,3187,2117,1053,1931,554,0,0
6b06c6f73af0e4b61d736ae940d4db19ef3cacd9,2021-05-04T12:11:09+03:00,3096,2061,1053,1931,554,0,0
b5f98822bb56047cd39565f154a8cadfcb15f6c6,2021-05-02T18:16:22+03:00,3046,2020,1053,1931,554,0,0
d4d65c6fcf696bb7dcf3a06d1b5a3ea87bb437ea,2021-05-02T18:07:13+03:00,3019,2006,1053,1931,554,0,0
24db4458c03014010f050c832b8633084b249014,2021-05-01T19:03:07+03:00,3019,2006,1053,1931,555,0,0
8654bd179bafccd3460d3373249d5aee6bcf2409,2021-05-01T18:56:52+03:00,3019,2006,1053,1931,555,0,0
fe7ad2de8f642b89b7086114f661490dc50cf4d1,2021-05-01T18:52:59+03:00,2996,1990,1053,1930,555,0,0
6b70df8719785bfb0100e27d14f5df7146053c2c,2021-04-29T20:43:34+03:00,2996,1990,1053,1857,544,0,0
7f38639fc477a6640fce04774018114a9c328c9c,2021-04-26T16:33:34+03:00,2935,1959,1053,1857,544,0,0
c0c9bdb65eb3136f7029df8bcc55035dc7b415f1,2021-04-26T16:16:10+03:00,2934,1945,1053,1857,544,0,0
022afcfb98219cf13d9c2074f5b871fb571f90d5,2021-04-25T21:39:47+03:00,2888,1923,1053,1857,544,0,0
31cab6a7872705ec7a11c7ee38740e6dcaf884fa,2021-04-22T22:01:59+03:00,2862,1909,1053,1857,544,0,0
382bc7b3f3097e025a1262d2f58d889f624d679d,2021-04-22T18:47:30+03:00,2809,1820,1053,1857,544,0,0
8eeee8e301bf266745a2efad22b01075644ccd44,2021-04-22T16:17:49+03:00,2809,1820,1053,1857,544,0,0
aa9c57e331ba9fbb929f741ff4798e20a91616b4,2021-04-22T10:18:36+03:00,2793,1810,1053,1857,544,0,0
b2ba760b8207b93914e748bb28e7acbe35ed839d,2021-04-22T10:18:17+03:00,2793,1810,1053,1857,544,0,0
e78acbbcf965f718fa58f96ea66187a8d35e1e48,2021-04-21T22:43:08+03:00,2781,1801,1053,1857,544,0,0
e49d12622ee3e14751215df9aed907e3fa069e14,2021-04-21T18:01:56+03:00,2781,1801,1053,1857,544,0,0
35fa298833248615bde7e95fcf5647f0452dd23f,2021-04-21T17:57:41+03:00,2780,1801,1053,1857,544,0,0
4f9cddd68771a81f3eb66cf5ad02cb17dab3980f,2021-04-21T17:55:42+03:00,2780,1801,1053,1857,544,0,0
c7630813c36eac9cf8067af35fe743b8b9dc4064,2021-04-19T15:05:27+03:00,2768,1797,1053,1857,544,0,0
81efbdf27277de7a7e9dde154f96081524a36ce1,2021-04-18T19:20:58+03:00,2724,1762,1053,1857,544,0,0
9592cad3afd6e210157d77eba18560f8f0053cc2,2021-04-17T14:43:06+03:00,2697,1720,1053,1857,544,0,0
f756d6c4fe42cd4bfc7a8596cba956f57d0ba0b1,2021-04-17T12:17:42+03:00,2696,1720,1053,1857,544,0,0
c50e6ed2673fcebdad5a50e198c26de75636a57f,2021-04-17T10:56:53+03:00,2624,1603,1053,1857,544,0,0
244da2546eb15f2dd8a68126d1e48489087985be,2021-04-17T10:56:20+03:00,2624,1603,1053,1857,544,0,0
2b4935ba773f35238fdcc0a2056b316163f5cafc,2021-04-16T21:50:01+03:00,2624,1603,1053,1857,0,0,0
6ebf968c017f93e3a8b4c33acd2cfd291f22963e,2021-04-16T16:48:18+03:00,2624,1603,1053,1857,0,0,0
2fe8ce6f0dc0a3e09cd9ec426689b6157e62bee3,2021-04-15T11:36:07+03:00,2624,1603,1053,1857,0,0,0
52618736ca77e5ecb39719807384f0c49c92822b,2021-04-13T20:12:47+03:00,2596,1572,1053,1857,0,0,0
be475e702cf41aaab7540ac30569ac4c2311b21c,2021-04-13T20:00:37+03:00,2570,1556,1053,1857,0,0,0
751106d8c86fb4056d8d79b82f7d92fcdbfbbacb,2021-04-10T22:00:55+03:00,2540,1517,1053,1857,0,0,0
32014e97d2bcca6d0060afad8a1a2216e43d65c2,2021-04-10T20:02:07+03:00,2539,1514,1053,1857,0,0,0
03faea8c65d0f55c8910dbbb91f0b0d69745075f,2021-04-09T21:34:32+03:00,2503,1484,1053,1857,0,0,0
43c3446e9fb34636ea80aa149ac5c86e4f1f74c0,2021-04-06T20:17:51+03:00,2491,1483,1053,1857,0,0,0
d55b62899800e9b6d317542eff153e8c1b63ac7d,2021-04-06T20:17:34+03:00,2486,1480,1053,1857,0,0,0
af0211208a41462a160a466d26178ec7280dd696,2021-04-06T13:46:00+03:00,2487,1479,1053,1857,0,0,0
87ad371915306dcd9ca563814193a54635a0b100,2021-04-05T20:56:04+03:00,2482,1476,1053,1857,0,0,0
c41a2567b68db24153e2f78d2bef482ca77c3490,2021-04-05T18:59:22+03:00,2461,1460,1053,1857,0,0,0
c777b0b4b2f5394d05c2d12fd6e91064284f196a,2021-04-04T21:41:53+03:00,2442,1446,1053,1857,0,0,0
09c09ac94285b62722e26c4ccf25906e41a3e697,2021-04-04T11:38:40+03:00,2442,1446,1053,1857,0,0,0
07a34b94fbb037e37d9e5479209a2807514e8d9c,2021-04-04T11:35:15+03:00,2442,1446,1053,1816,0,0,0
9197605658b64f71b3d53e1ab8aabd1fc1975769,2021-04-03T22:13:29+03:00,2435,1442,1053,1816,0,0,0
718014f5db3d3358e171b24e9218c2f9452e3b78,2021-04-03T22:08:17+03:00,2426,1433,1053,1816,0,0,0
da773a1d4bd1e75bc0d8d20a8e1d999b9fa70e2d,2021-04-03T16:00:16+03:00,2381,1407,1053,1816,0,0,0
5e5c243ba8ef363dcf6a443832341ea44d35666d,2021-04-03T15:55:16+03:00,2381,1407,1053,1816,0,0,0
6bbf600710719bf844bd884e055b8e79bfbb6167,2021-04-03T15:53:08+03:00,2230,1407,1053,1816,0,0,0
1fff2396552149436ff13fa5893cf16bb3bbb228,2021-04-03T15:40:12+03:00,2230,1407,1053,1816,0,0,0
97d5d2bb699691f5220281cc075b6e78d6c0e765,2021-04-03T15:39:01+03:00,2230,1407,1053,1816,0,0,0
dcffb1658060c093c38a6adada1de5c55630d09f,2021-04-03T15:38:41+03:00,2230,1407,1053,1816,0,0,0
ab84a36a1348d6226df8c730f65b88ac3bbdd11b,2021-03-31T21:49:31+03:00,2098,1533,1053,1816,0,0,0
80d6256f5ec9c43e53e4aca4cabae8de4a57506b,2021-03-31T21:48:20+03:00,2098,1533,1053,1812,0,0,0
286994dd42913a27f78c9c7f2239915ef7fd9bc0,2021-03-31T21:47:03+03:00,2098,1533,1053,1812,0,0,0
e46c512575f3dbdd375853a24bcefec6677fde61,2021-03-30T22:07:14+03:00,2098,1533,1053,1812,0,0,0
9c30ffa3a198dbccd4ed4fafec8d844991d2e449,2021-03-30T21:45:27+03:00,2098,1533,1053,1716,0,0,0
e7fce64a54f376f727c9c6d046665ac8f41d431e,2021-03-28T22:32:21+03:00,2098,1533,1053,1716,0,0,0
78cfd6586b9352b6347f772922b075050f64e815,2021-03-28T13:13:02+03:00,2098,1533,1053,1329,0,0,0
9d39f4ee90e5f8f4811a3a44c557a3aa10cfd8f6,2021-03-28T12:59:55+03:00,2098,1533,1053,1329,0,0,0
e0fcb960ccaeef1fda6cb87f2f5476d87b8a4473,2021-03-28T12:56:53+03:00,2098,1533,1053,1329,0,0,0
0eff8c56ac5ded25018f608b1018b95eb6b3912e,2021-03-28T12:21:15+03:00,2098,1533,1053,1113,0,0,0
22d86a6c24e8593276f3d12d45517c7c4d3ab4bf,2021-03-28T11:14:59+03:00,2088,1530,1053,1063,0,0,0
0e3b17edb685c91d6bbf7088e0f8cbaf762b831c,2021-03-27T21:54:12+03:00,2088,1530,1053,1063,0,0,0
93a0573fc41f58c6c7f94ac5beb9d6c5222906a6,2021-03-27T17:35:21+03:00,2071,1517,1053,1063,0,0,0
845e1a273963abbb19275c34fc92d0d2d708d8f0,2021-03-27T17:29:07+03:00,2069,1517,1053,1063,0,0,0
d869192bf14ab2ee9d68c633bb4644588d357a27,2021-03-27T16:27:39+03:00,2069,1517,1053,536,0,0,0
ef440cfb499ca873054350a53e821ad658cb6d35,2021-03-27T14:28:50+03:00,2069,1517,1053,538,0,0,0
2c3dd0b0af7bbb6dd726c82fc44b149d3a350583,2021-03-27T12:47:05+03:00,2069,1517,1053,0,0,0,0
7a992d21eb87e74c6f135e562e71e171d2590314,2021-03-27T12:46:42+03:00,2069,1517,1053,0,0,0,0
c520a1387d0cabcb6f908e93d1316fde7b462af5,2021-03-27T12:46:14+03:00,2069,1517,1053,0,0,0,0
cdbeaa1fffa1ce2e6d30ae0ceec97b39a87ca604,2021-03-24T10:21:49+03:00,2067,1505,1053,0,0,0,0
67f69904c610757b5a7523ce027c36f5c79f7240,2021-03-24T10:18:46+03:00,2067,1505,1053,0,0,0,0
ce14de2074b023c935cd1077a82797a9040c6d1b,2021-03-24T10:16:54+03:00,2067,1505,1053,0,0,0,0
b6fb14b7054c3fa91b9c8cc482b50d4fd8463a70,2021-03-24T10:14:26+03:00,2067,1505,1053,0,0,0,0
54e153d02dabc29ddc9ec553fa677725e674d047,2021-03-21T21:46:31+03:00,2067,1505,1053,0,0,0,0
4d116f29495302e8970b0fa7d3494e598aaa995a,2021-03-21T21:27:56+03:00,2067,1505,1053,0,0,0,0
47f8a13f8da87f7ff304f0095f65eba080ec14aa,2021-03-21T21:27:37+03:00,2067,1515,1053,0,0,0,0
7f7afe5b68a97743152fddce32b879744541eab4,2021-03-16T13:01:56+03:00,2067,1505,1053,0,0,0,0
e258ec45ffe7bd9813a846258eac2ecc379f0486,2021-03-16T13:01:49+03:00,2060,1522,1053,0,0,0,0
67b6dc3d2c99caca93bb345c051a8bcd405eb451,2021-03-16T11:49:15+03:00,2067,1515,1053,0,0,0,0
b3224f4eb6461f709a42a78b447f08d1eef491df,2021-03-16T07:30:26+03:00,2060,1532,1053,0,0,0,0
24981a6c8e57063c83ee29247670c3d930a14958,2021-03-16T07:28:55+03:00,2060,1532,1053,0,0,0,0
bce9a520f37f87e1f03f664ebe5391378f0c112e,2021-03-13T13:16:37+03:00,2060,1532,1053,0,0,0,0
9eda3a739ceef8ff4f676be03738c7c10664a3d0,2021-03-09T08:55:44+03:00,2060,1532,1053,0,0,0,0
9d1ef91caa5786d1d5c95ab0782dd83ee0f9dc95,2021-03-08T13:28:05+03:00,2060,1532,1053,0,0,0,0
2c26a2116191b2366bb0e95791b3280443c7e2cf,2021-03-08T13:18:35+03:00,2060,1532,1053,0,0,0,0
7e75f0d9340c57d5e3541dbe882ca7a129f77649,2021-03-07T16:03:28+03:00,2060,1532,1053,0,0,0,0
3f9d86fe95083ba35e555971cdd09f07de8e2c6d,2021-03-07T16:02:27+03:00,2060,1532,1053,0,0,0,0
fad031bcb92fdf419c577e5555504eef769e5901,2021-03-04T12:49:53+03:00,1998,1484,1053,0,0,0,0
f39411a3cd079b0daae00383e2473aba39eb6953,2021-03-04T12:34:52+03:00,1995,1481,1053,0,0,0,0
42276738dff3e3ea8dc69b831e70b9fc0bafde86,2021-03-04T11:38:01+03:00,1995,1481,1053,0,0,0,0
fd5f3eb3ea8f6af19ad735e3f88baff34180060e,2021-03-04T10:28:32+03:00,1997,1483,1053,0,0,0,0
708e3021479e4f8408a4ed68daa73269dff8cb09,2021-03-01T11:29:05+05:00,1983,1469,1053,0,0,0,0
6d0217c49c3c83546cf11ee95c5d53484594d464,2021-02-28T15:01:49+03:00,1983,1469,1053,0,0,0,0
0429ab2126e080435cafc77ccc1e9e86adef2510,2021-02-28T15:01:33+03:00,1983,1469,1053,0,0,0,0
077391d793ef085cde93f83b70b5c760b1b6c6bf,2021-02-22T19:39:16+03:00,1959,1454,1053,0,0,0,0
a5b8c27879cc18b2089a74f38c2207450ad12cd2,2021-02-22T19:37:10+03:00,1959,1454,1053,0,0,0,0
e4edc119e69ae357403daf360430fe16800f1394,2021-02-15T12:24:20+03:00,1917,1425,1053,0,0,0,0
483af5e3c4d56fb90a247527c38b528c78ceea20,2021-02-14T20:53:31+03:00,1876,1389,1053,0,0,0,0
167f1d58ced56b7b3586b0650d9f85e74a58bacb,2021-02-14T20:53:00+03:00,1876,1389,1053,0,0,0,0
22b6fc87325dad25baec84c9d89df3544dd87336,2021-02-12T21:39:01+03:00,1831,1348,1053,0,0,0,0
ddcabd0b57affdcdc9b63f49cae239ced321fb43,2021-02-12T18:28:48+03:00,1831,1348,1053,0,0,0,0
89c54713da960a18fdfdf7ce3a9ec6b13e32bbbc,2021-02-11T21:03:44+03:00,1831,1348,1053,0,0,0,0
e7b0bbc58fa9c4d70027ce8a089a95db92e183f6,2021-02-11T21:02:52+03:00,1810,1329,1053,0,0,0,0
b7a40a3b7c25673a8d7eb0dfd0a23f92e2534174,2021-02-10T11:05:44+03:00,1810,1329,1053,0,0,0,0
2e3c0412b34ff51266da33cbb89c7b9fdf94b88a,2021-02-10T11:05:25+03:00,1810,1329,1053,0,0,0,0
16326a010d26c1217fbec8ff42cdd299d0d39ae0,2021-02-06T21:28:00+03:00,1735,1341,1053,0,0,0,0
5483eeb34eac68015a9a66def102bcf8db54c92c,2021-02-06T23:15:52+05:00,1735,1341,1053,0,0,0,0
fbed354c68e3c4b466fb29f8726fc4a8c05fff6c,2021-02-04T20:48:12+05:00,1735,1341,1053,0,0,0,0
133530c1c0763dccb9ba91b5f8d281ccff571190,2021-02-04T20:47:57+05:00,1730,1333,1053,0,0,0,0
f3b697a935e1564ced0995be0f298d52c39ac719,2021-02-04T20:47:31+05:00,1730,1333,1053,0,0,0,0
a533a06d061ddbe74f77fc7c66e5af2c2022c5e0,2021-02-01T11:16:37+05:00,1730,1333,1053,0,0,0,0
1496e7ec0392cfea4eb424e1da2308878bcd300d,2021-02-01T11:15:44+05:00,1730,1333,1053,0,0,0,0
55343c49a9ca3c49c9c6fa715cb215b66e66067f,2021-01-30T14:36:51+03:00,1730,1333,1053,0,0,0,0
09fe035d6f5500147a1897d039d995e5ab627cc4,2021-01-29T21:59:37+03:00,1730,1331,1053,0,0,0,0
27ce988287c518f798b926dda4efab0cf6e89c7f,2021-01-28T10:31:42+03:00,1728,1331,1053,0,0,0,0
afcf8ef14c5a8187eae15142100704803f2980ec,2021-01-27T11:07:17+03:00,1728,1328,1053,0,0,0,0
33b7ae403693d2df7628b8899b79da27e76498f6,2021-01-26T21:57:38+03:00,1726,1332,1053,0,0,0,0
229dce2461ef05617cbc2b716a331a0bcbd15b56,2021-01-26T21:56:20+03:00,1688,1331,1053,0,0,0,0
29f620f809a129b6e0ebe96247fe9d8c8afaee6c,2021-01-25T18:32:13+03:00,1688,1331,1053,0,0,0,0
d5953c7dd0b4fbc89f930059322c4fb2aad64a8e,2021-01-25T18:06:11+03:00,1688,1331,1053,0,0,0,0
54983088c0d82da49eaeb918ea1dfc2a1c506872,2021-01-25T18:05:33+03:00,1688,1331,1053,0,0,0,0
dfa19d31418cece79ccb438297bc99c9402394fa,2021-01-25T12:39:18+03:00,1688,1331,1053,0,0,0,0
c872a03c989bf9ce5453aa6903a58add9115eb4a,2021-01-25T12:39:00+03:00,1688,1331,1053,0,0,0,0
63ebaff53cea4044089a39a0ec797eea727717e6,2021-01-22T21:00:24+03:00,1669,1329,1053,0,0,0,0
29f9d3ee07376106a74670207fc0e7e01074923c,2021-01-22T20:59:43+03:00,1641,1302,1053,0,0,0,0
7c4cc0a498f77c69b5f1b9bc5fa7d52602900bbc,2021-01-20T17:39:48+03:00,1641,1302,1053,0,0,0,0
dfc9956cb8cd814221e3594c4a254be236c52f2a,2021-01-20T17:39:09+03:00,1638,1302,1053,0,0,0,0
d578d31d6a60224793c6168ec9246b47ae36733a,2021-01-20T17:38:14+03:00,1638,1302,1053,0,0,0,0
6fe3ba654de04250751f0762ac378eae6f8c7649,2021-01-14T12:41:37+03:00,1638,1302,1053,0,0,0,0
e6167f6ac4c9cf26c16c95fe3ac0b02c783e0a0e,2021-01-14T12:33:22+03:00,1638,1302,1053,0,0,0,0
1ab81470e4651a5d7945c8268d750cf88be136c4,2021-01-14T10:27:40+03:00,1638,1302,1053,0,0,0,0
cba9ad4f2517396b31abecde1dabcbf582937180,2021-01-14T09:04:52+03:00,1632,1298,1053,0,0,0,0
a0265b82e724a130e1d7181ddcd968dc1ae12a17,2021-01-14T09:04:05+03:00,1631,1297,1053,0,0,0,0
7877dd1bc6ebe586e8c87b555471460d197524ec,2021-01-11T20:05:27+03:00,1619,1287,1053,0,0,0,0
d2dad7072ac5aecc39d1c2bf4cb305c209fde4d5,2021-01-11T17:53:45+03:00,1618,1280,1053,0,0,0,0
f5db6388432210a20210df5cd00dae1320369c9a,2021-01-10T12:36:32+03:00,1570,1294,1053,0,0,0,0
5a3f3fa4d6bc1c65e96099ad6af2a2c26bead55c,2021-01-07T18:27:10+03:00,1550,1277,1053,0,0,0,0
8b4424e4e392e3bda1f0e96dc289ff261ab7ab9e,2021-01-05T10:39:48+03:00,1534,1264,1053,0,0,0,0
585ad0747660e3fd3fbff0261cf01b99ec3cbf03,2020-12-31T11:53:28+03:00,1503,1246,1053,0,0,0,0
ac499424a9eb9b599443f4a4309b61eabe7c09e6,2020-12-31T09:48:31+03:00,1503,1246,1053,0,0,0,0
e4bbb752a0cf80b325ae216e9ea81fc78bfdc857,2020-12-30T14:09:24+03:00,1491,1236,1053,0,0,0,0
81fbfa7ab3e9862904ed99d62164474db6f91b80,2020-12-30T13:41:24+03:00,1491,1236,1053,0,0,0,0
1fad2e5ebe70df29dedd5ffbd06c7447d9942b73,2020-12-30T13:28:23+03:00,1491,1236,1053,0,0,0,0
4e0d2fb6e2681d53b160d676858e1cdb1e81fd95,2020-12-30T12:57:37+03:00,1491,1236,1053,0,0,0,0
a3f3fd784eff39f3dac57789a3160e6ff3d32635,2020-12-30T12:28:30+03:00,1491,1236,0,0,0,0,0
7abea5d6ceb3cf7356eea79b47f024ba4f05b076,2020-12-20T09:17:16+03:00,0,0,0,0,0,0,0
e39bc85628ecaff84cded2f1e9bbe92a4d8c49d4,2020-12-20T08:17:16+03:00,1359,1143,1053,0,0,0,0
bfd415a0dd77bb9ab5eef89a396329bb3e6c4cbd,2020-12-11T12:57:42+03:00,1345,1139,1053,0,0,0,0
0cf54d68feb5253595f04f8e7434f2c6e298e20a,2020-11-28T11:47:18+03:00,1245,1051,1053,0,0,0,0
3f3504ca33e79296357dfb0682eca09863beefbf,2020-11-25T20:19:24+03:00,1214,1023,1053,0,0,0,0
707ddaddfea796478ac16d54185ddbd7a5f8c082,2020-11-24T18:47:13+03:00,1176,990,1053,0,0,0,0
a83efdaec5386bee0c7ddc8093ec279bb1c4465b,2020-11-20T22:41:40+03:00,0,1036,1053,0,0,0,0
30219f8ec1a08fa64a6f7f0bf32491a19130b9bb,2020-11-11T10:55:01+03:00,0,968,1053,0,0,0,0
6ff999d23d7ce6393b49dbcded3279af9c3ae668,2020-10-27T17:18:29+03:00,0,905,1053,0,0,0,0
a3271bb7a58760f49710329e68269ac588028391,2020-10-21T11:58:28+03:00,0,655,1053,0,0,0,0
c42173d363499c5e073e51bdccc9d247e6421b18,2020-10-18T09:35:20+03:00,0,614,1053,0,0,0,0
8cea88e9ea892c47daf54d0844e3f8e2bf69330a,2020-10-15T14:01:37+03:00,0,410,1053,0,0,0,0
b3ab7d320771a826390995df660dacb6cbf773a4,2020-10-06T12:43:53+03:00,0,0,1053,0,0,0,0
7d7208ad0384a8ebe2a4e9807b0f88bc214aeb85,2020-09-28T10:41:14+03:00,0,0,1053,0,0,0,0
958f363ca70a092fbf636bc198a27a7f3511415e,2020-09-22T12:59:25+03:00,0,0,1053,0,0,0,0
208f4553dc15c237df9dac00b8e115107d030263,2020-09-15T09:53:30+03:00,0,0,1041,0,0,0,0
63f9a8c0345c0c276bb8d602d7afa740f4c09f95,2020-09-09T18:47:23+03:00,0,0,1041,0,0,0,0
9e17ed451f30f88249a5236854974242bfa0bad1,2020-08-24T15:52:43+05:00,0,0,1041,0,0,0,0
587d6edb6a999580d921d7feb4bb4b6fb27af7a2,2020-08-08T21:39:06+03:00,0,0,1038,0,0,0,0
ab4aadffa7858deffadfc037d0c586ed61971d27,2020-08-08T16:02:42+03:00,0,0,1038,0,0,0,0
44f15a73a342acc4f5a336d4afdaad55948f9969,2020-07-29T17:42:24+03:00,0,0,1038,0,0,0,0
4fe9afc57b5e22537ddcef251a0ca12a7f7b4a55,2020-07-28T18:44:45+03:00,0,0,1038,0,0,0,0
9c6ae2446ba4c62f94dc462d7cfca367e29a80a2,2020-07-28T18:43:54+03:00,0,0,1038,0,0,0,0
835a98d398908cfc06594123bda22930bd496a5e,2020-07-26T15:49:48+03:00,0,0,1038,0,0,0,0
45d65fa04392cebd6abc7f55319b46e11e097ed1,2020-07-26T15:48:34+03:00,0,0,1038,0,0,0,0
983827586e37e8b7555e3079f85b2cc3317febca,2020-07-24T07:13:57+03:00,0,0,1038,0,0,0,0
ba8b16fb05cd2a6382cbe64538562e69e54bfea8,2020-07-18T12:31:08+03:00,0,0,1038,0,0,0,0
0212d5380e83d0d909a1beafede68382a48692a3,2020-07-18T12:24:30+03:00,0,0,1038,0,0,0,0
f8e1ccfd17cc3a19ff8fcb9bc2a931bdd3cc4d2a,2020-07-16T18:49:21+03:00,0,0,1038,0,0,0,0
281373a5f2a940dfe9dd088ab39ab9165c82b11f,2020-07-15T09:28:26+03:00,0,0,1038,0,0,0,0
634ea50e9215d5eb5bb96a0a371897810de4bc9a,2020-07-15T09:21:35+03:00,0,0,1038,0,0,0,0
19dbd1e74019486d7e6d01aa62a36fc34b9a5fb6,2020-07-15T09:20:53+03:00,0,0,1038,0,0,0,0
2f67e73efaabe1f3f251d65e0ac0b3e123717d16,2020-06-09T21:39:27+03:00,0,0,1039,0,0,0,0
6118624a167f6f554a1d87370583be5a2e9c8b20,2020-05-27T16:03:08+03:00,0,0,1013,0,0,0,0
57d54e38d0a7536a0869e6a0942788963ee4ffee,2020-05-27T16:02:59+03:00,0,0,1013,0,0,0,0
ffbb49576dc31133fad21a3ab3a57ff7723bfeaa,2020-05-22T14:26:14+03:00,0,0,1011,0,0,0,0
c03481f21e52a2a165cbd16d53dc8a151e45c814,2020-05-19T21:39:54+03:00,0,0,1011,0,0,0,0
d7418bdcbcde041b6461d54563ec0114ad48ae26,2020-05-19T21:39:51+03:00,0,0,1011,0,0,0,0
1ce7bb3b7faf0f6abaeb22f74939b15f404035da,2020-05-13T19:00:35+03:00,0,0,1011,0,0,0,0
25355ce8eeec1703e6c6e5c77c86c99b9d70d399,2020-05-13T18:05:05+03:00,0,0,1011,0,0,0,0
a676fb74a9ddec73a6eed0c943adff22d82f86e9,2020-05-11T18:46:57+03:00,0,0,1009,0,0,0,0
dba4c7051df1deb6bd3ce388fca91e18564c9f0e,2020-05-08T21:02:58+03:00,0,0,995,0,0,0,0
35bc4fcd993f2abb906e4c126b46e6f6d4f495b8,2020-05-08T07:56:42+03:00,0,0,995,0,0,0,0
db54f66d8c8323b63448a6bcac24c694b407a500,2020-04-27T18:18:10+03:00,0,0,995,0,0,0,0
5051d4a9a93d6c53d08176e32de23ded500685e9,2020-04-11T19:58:49+03:00,0,0,968,0,0,0,0
9c0374e0a3e26c21a4b94f58d0fce6ab748a1901,2020-04-08T20:35:04+03:00,0,0,968,0,0,0,0
478e9d9bc505594ff39ad86dae80faba49639138,2020-04-07T08:52:31+03:00,0,0,967,0,0,0,0
9b14b0bf4c4c2688d9bf0c8f507c2876c3e8c0fa,2020-03-27T08:25:41+03:00,0,0,894,0,0,0,0
569544c81b9e1dffda20f6f6c3ccb8d8cd8183d8,2020-03-17T22:55:11+03:00,0,0,889,0,0,0,0
068f6138b4d59258e854a889a51cb867b0fbef99,2020-03-15T21:44:00+03:00,0,0,889,0,0,0,0
76e3b3f25f8cac86e5d16939535343979e600b93,2020-03-10T08:57:45+03:00,0,0,857,0,0,0,0
e9585c86349037ed4a6abf3746b116662dc48ee4,2020-03-05T11:44:08+03:00,0,0,847,0,0,0,0
cb059221310544f7931d0b08b5b22ae2acc9078e,2020-02-28T13:14:46+03:00,0,0,841,0,0,0,0
2a78620d5dbdeac8928c70e46578900c8fae0350,2020-02-25T08:16:46+03:00,0,0,841,0,0,0,0
ff00cc966fba6ada8402fc4d52544f064e8eb17d,2020-02-21T07:04:13+03:00,0,0,785,0,0,0,0
367d7abd8bcfae477f70fd00bf6ba48bbce53d0b,2020-02-21T06:56:30+03:00,0,0,785,0,0,0,0
25421d1454145e17b7e8196666f2f6e1af1f1e9f,2020-02-17T18:06:08+03:00,0,0,748,0,0,0,0
39afeb939ef92a250823c8a0f60fc3c04db86d9f,2020-02-12T19:49:56+03:00,0,0,748,0,0,0,0
6f181eb0e4ad99e4012340cd253c98734e7b6e87,2020-02-08T15:19:10+03:00,0,0,748,0,0,0,0
bf887b0b4daa447cf80a155377345c39ff1645b1,2020-02-07T06:37:12+03:00,0,0,723,0,0,0,0
ca75876e1c40d5ad47640d123b88c3ea02dfbd94,2020-02-06T10:25:39+03:00,0,0,717,0,0,0,0
a620c11a68e9bc06d1d281e852b85d4124a58e5b,2020-02-04T22:05:24+03:00,0,0,717,0,0,0,0
ef158ec872a6977b5b0d5443f41586aa8d639e07,2020-01-28T07:07:38+03:00,0,0,691,0,0,0,0
040f24f12b6cdbfdd4f1fac431abc476de20b02c,2020-01-22T21:36:35+03:00,0,0,684,0,0,0,0
c064a71918d3e17b26df80789da61e76507b83d2,2020-01-20T09:00:19+03:00,0,0,668,0,0,0,0
97657355749ec681d2fcf41f422e077b69c1dc45,2020-01-15T17:53:26+03:00,0,0,644,0,0,0,0
8d845533bccacf2e1a4bd9dc6052de8876935c96,2020-01-12T13:42:41+03:00,0,0,566,0,0,0,0
36912a33427e29d480d6073e281b77bbffa50fa1,2020-01-05T13:20:36+03:00,0,0,484,0,0,0,0
dd078552597b827c1ced12379bfdde5222654605,2019-12-31T16:56:49+03:00,0,0,418,0,0,0,0
117176319fc584fd132865740b6d413c40f25edb,2019-12-25T07:53:39+03:00,0,0,411,0,0,0,0
c17914fa4ffeb96cceaa59fed93f711f41869cc2,2019-11-30T13:34:57+03:00,0,0,398,0,0,0,0
91983f536b450061c3b8931806dd1727364a4747,2019-11-21T08:25:37+03:00,0,0,388,0,0,0,0
c217e480bfb2328d2ecb5d7bb822b002af6c4ff4,2019-11-21T08:25:19+03:00,0,0,388,0,0,0,0
315e167fbd494bc1cc49b5e13410f67a5314de7f,2019-10-21T10:18:03+03:00,0,0,379,0,0,0,0
87211c3e501388adf3e880154fc6d0fe30c1f02c,2019-10-21T08:31:34+03:00,0,0,379,0,0,0,0
bfa5fb959a5ef7b5b8f362992414ff5e0380433d,2019-10-18T20:40:03+03:00,0,0,377,0,0,0,0
26dc6f9f72a9ac76c4454146d4404c7ad018d1cb,2019-10-18T16:57:21+03:00,0,0,377,0,0,0,0
f7ec83d186fc546c424c87b6b3394a2b5d6a6059,2019-10-16T22:06:02+03:00,0,0,377,0,0,0,0
1e2550f7381f2506987f5e71380c43d28575bdfc,2019-10-14T10:48:32+03:00,0,0,377,0,0,0,0
273b90172e8f451fcaa561bcdf682b287e4ee04b,2019-10-09T22:00:03+03:00,0,0,376,0,0,0,0
474903d04ea3b7acc5d3c55f3b5d3283320ff4bb,2019-10-04T08:55:27+03:00,0,0,368,0,0,0,0
2b82da4a18274de3ba82c99137083999b1df7e7a,2019-09-28T17:33:16+03:00,0,0,364,0,0,0,0
ecc70effda3f7680864e5abc0ec9334c56288bb8,2019-09-18T20:18:25+03:00,0,0,354,0,0,0,0
bd170af28494bcc3100fb9a98c2edbf5c9e4dcb3,2019-09-11T22:13:34+03:00,0,0,350,0,0,0,0
4e13110bd4ee9007950a119c387cee53165209e7,2019-09-10T12:32:11+03:00,0,0,316,0,0,0,0
69e6c77f0b382da16c2f704dee9f5c26a1033543,2019-06-21T20:19:08+03:00,0,0,304,0,0,0,0
15f77e6947d4e6dc4a2c4eacc424436629e70535,2019-06-01T11:59:02+03:00,0,0,288,0,0,0,0
b885ed7594f8f4e30e3396add6a9e5bb221cbe90,2019-05-23T18:12:27+03:00,0,0,264,0,0,0,0
b866f7de55fb8e6383d4e7fc5446b73db08a0af5,2019-05-20T22:30:19+03:00,0,0,247,0,0,0,0
e80709e371b9586a7cc104c908111f8c43b8cc6e,2019-05-20T10:31:15+03:00,0,0,229,0,0,0,0
5587b1deb21e8b010f1e08ed7c54925e87b7ab7b,2019-05-20T10:30:51+03:00,0,0,229,0,0,0,0
83450733e407d9d3988851086cc6a966b2e58302,2019-05-19T13:13:36+03:00,0,0,227,0,0,0,0
5d3c243cbaef7e178f31d00b7d503aca2297af16,2019-05-18T23:38:16+03:00,0,0,227,0,0,0,0
02e74e52f04758d0fbcca1531a45939bce2bc397,2019-05-17T14:25:10+03:00,0,0,218,0,0,0,0
463db6e22059078ebbb42fcc4b8a2ac8815d42e2,2019-05-13T13:48:16+03:00,0,0,217,0,0,0,0
e4a1a9e40a9eb00dc867d900f91cede36e415c38,2019-05-10T15:35:36+03:00,0,0,217,0,0,0,0
c9727bf397a3941cdc98fc4e15f69dccbc29fc01,2019-05-08T21:07:58+03:00,0,0,203,0,0,0,0
0b9731f31c6fb41921fd4bc0b89438dc509cbec4,2019-05-08T14:38:49+03:00,0,0,197,0,0,0,0
18bd6fdf9d41ee5b56c4ae78c124c3d1fd5d87aa,2019-05-06T00:02:57+03:00,0,0,159,0,0,0,0
2ed4d3a8ef86ef61b300412e28eb899635f657f3,2019-04-30T22:21:22+03:00,0,0,159,0,0,0,0
0efdea9c6dcfbebafdd2c0477df04ca20fc27fb8,2019-04-22T13:39:06+03:00,0,0,145,0,0,0,0
1a861308ba62c0ed7151de2ef177e9c4be9159f7,2019-04-22T11:51:31+03:00,0,0,145,0,0,0,0
9c07ef14b5494720b850b4bd060d1deb088a95f6,2019-04-20T14:12:01+03:00,0,0,137,0,0,0,0
6f0c52b7dbd8108638eeb7adc47736e1ed5d7649,2019-04-20T14:07:42+03:00,0,0,135,0,0,0,0
5ce2dcd9fa929d3732230eac379073182eb56507,2019-04-18T18:24:31+03:00,0,0,134,0,0,0,0
4bee614548d574c27202d7ed03895317e73df765,2019-04-17T23:07:21+03:00,0,0,132,0,0,0,0
bed50d44db96ce0784539f4e7cd35c755e19bde8,2019-04-14T14:02:12+03:00,0,0,104,0,0,0,0
aa45f576d4c2fbbb878af041495f7ee72781f49f,2019-04-12T23:42:06+03:00,0,0,99,0,0,0,0
4d7fa920a40fdf3064fc71d16830cd6a4de046c4,2019-04-12T18:24:23+03:00,0,0,91,0,0,0,0
1ff1714599ddf2c41e0ab75562be495e55bb35e2,2019-04-09T12:47:05+03:00,0,0,91,0,0,0,0
f396584f72311246c3b52ed68d778745df5aea90,2019-04-03T10:36:35+03:00,0,0,91,0,0,0,0
fa57d73f3597407223ff205439cfe84f338ec3bc,2019-04-02T17:52:05+03:00,0,0,91,0,0,0,0
e4cc35e62e20104fec2dcdc1220de7ab1980cc3f,2019-03-31T20:06:29+03:00,0,0,62,0,0,0,0
5044283019dc34c95d2836485ed492b34f49230e,2019-03-31T13:52:50+03:00,0,0,62,0,0,0,0
